{
  "train_loss": [
    0.3029165416955948,
    0.22779769748449324,
    0.2415438860654831,
    0.20063147842884063,
    0.16404791101813315,
    0.13855109736323357,
    0.12705354988574982,
    0.1028336875140667,
    0.06960238888859749,
    0.05411017071455717,
    0.03189898822456598,
    0.04486892828717828,
    0.03700010729953647,
    0.028206142038106917,
    0.013424987439066172,
    0.008225894626230001,
    0.010730069316923618,
    0.00800544461235404,
    0.0057213051244616505,
    0.005234529729932547,
    0.0017334399744868279,
    0.0010873422026634217,
    0.0030771625228226186,
    0.0013959094882011413,
    0.0035239502787590025,
    0.0009917712770402432,
    0.0017812944948673247,
    0.0009534027427434921,
    0.0006321136839687824,
    0.0003803309053182602,
    0.0005406622774899005,
    0.0008612788282334804,
    0.00023743249475955964,
    0.0002916770055890083,
    7.464196532964706e-05,
    0.00044214976951479913,
    0.0007492521777749062,
    0.00021352618932724,
    0.00035968776792287825,
    9.684404358267784e-05,
    0.0003355986438691616,
    0.000395110622048378,
    0.00012445300817489623,
    0.0008011914789676667,
    0.0002728822641074657,
    0.0006891218945384026,
    0.00019253166392445563,
    0.0007908899337053299,
    0.0,
    0.0009500988759100437,
    0.00028075817972421645,
    0.0
  ],
  "score": [
    3.9690625,
    4.249895833333333,
    4.479166666666668,
    4.713229166666667,
    4.81375,
    4.9551041666666675,
    5.069166666666668,
    5.192916666666668,
    5.272500000000001,
    5.361770833333335,
    5.394687500000002,
    5.456041666666668,
    5.497916666666668,
    5.499062500000001,
    5.509479166666668,
    5.527604166666667,
    5.5455208333333355,
    5.548437500000002,
    5.567604166666667,
    5.5772916666666665,
    5.5808333333333335,
    5.582395833333334,
    5.584583333333334,
    5.5869791666666675,
    5.5874999999999995,
    5.591562500000001,
    5.591979166666667,
    5.58625,
    5.595208333333334,
    5.596354166666668,
    5.597604166666668,
    5.606145833333333,
    5.600208333333334,
    5.5997916666666665,
    5.598854166666667,
    5.598645833333334,
    5.598333333333334,
    5.599479166666667,
    5.600104166666667,
    5.600833333333334,
    5.5955208333333335,
    5.582812499999999,
    5.576354166666667,
    5.570625000000001,
    5.569791666666667,
    5.5633333333333335,
    5.5652083333333335,
    5.5687500000000005,
    5.568125,
    5.549270833333334,
    5.563854166666667,
    5.563020833333334
  ],
  "recall": {
    "1": [
      0.696875,
      0.753125,
      0.79375,
      0.84375,
      0.84375,
      0.871875,
      0.89375,
      0.91875,
      0.928125,
      0.95,
      0.953125,
      0.971875,
      0.978125,
      0.971875,
      0.971875,
      0.975,
      0.98125,
      0.98125,
      0.990625,
      0.99375,
      0.99375,
      0.99375,
      0.99375,
      0.99375,
      0.99375,
      0.996875,
      0.996875,
      0.99375,
      0.996875,
      0.996875,
      0.996875,
      1.0,
      0.996875,
      0.996875,
      0.996875,
      0.996875,
      0.996875,
      0.996875,
      0.996875,
      0.996875,
      0.99375,
      0.9875,
      0.984375,
      0.98125,
      0.98125,
      0.978125,
      0.978125,
      0.978125,
      0.978125,
      0.96875,
      0.975,
      0.975
    ],
    "5": [
      0.875,
      0.9,
      0.928125,
      0.94375,
      0.953125,
      0.965625,
      0.965625,
      0.96875,
      0.984375,
      0.99375,
      0.996875,
      0.99375,
      0.996875,
      0.996875,
      0.996875,
      0.996875,
      1.0,
      1.0,
      1.0,
      1.0,
      1.0,
      1.0,
      1.0,
      1.0,
      1.0,
      1.0,
      1.0,
      1.0,
      1.0,
      1.0,
      1.0,
      1.0,
      1.0,
      1.0,
      1.0,
      1.0,
      1.0,
      1.0,
      1.0,
      1.0,
      1.0,
      1.0,
      1.0,
      1.0,
      1.0,
      1.0,
      1.0,
      1.0,
      1.0,
      1.0,
      1.0,
      1.0
    ],
    "10": [
      0.925,
      0.9375,
      0.95,
      0.96875,
      0.971875,
      0.975,
      0.978125,
      1.0,
      0.996875,
      1.0,
      1.0,
      1.0,
      1.0,
      1.0,
      1.0,
      1.0,
      1.0,
      1.0,
      1.0,
      1.0,
      1.0,
      1.0,
      1.0,
      1.0,
      1.0,
      1.0,
      1.0,
      1.0,
      1.0,
      1.0,
      1.0,
      1.0,
      1.0,
      1.0,
      1.0,
      1.0,
      1.0,
      1.0,
      1.0,
      1.0,
      1.0,
      1.0,
      1.0,
      1.0,
      1.0,
      1.0,
      1.0,
      1.0,
      1.0,
      1.0,
      1.0,
      1.0
    ]
  },
  "precision": {
    "1": [
      0.696875,
      0.753125,
      0.79375,
      0.84375,
      0.84375,
      0.871875,
      0.89375,
      0.91875,
      0.928125,
      0.95,
      0.953125,
      0.971875,
      0.978125,
      0.971875,
      0.971875,
      0.975,
      0.98125,
      0.98125,
      0.990625,
      0.99375,
      0.99375,
      0.99375,
      0.99375,
      0.99375,
      0.99375,
      0.996875,
      0.996875,
      0.99375,
      0.996875,
      0.996875,
      0.996875,
      1.0,
      0.996875,
      0.996875,
      0.996875,
      0.996875,
      0.996875,
      0.996875,
      0.996875,
      0.996875,
      0.99375,
      0.9875,
      0.984375,
      0.98125,
      0.98125,
      0.978125,
      0.978125,
      0.978125,
      0.978125,
      0.96875,
      0.975,
      0.975
    ],
    "10": [
      0.464375,
      0.5465625000000005,
      0.6087500000000003,
      0.6709375000000006,
      0.7221875000000006,
      0.7634375000000008,
      0.7981250000000005,
      0.8234375000000007,
      0.8490625000000008,
      0.8659375000000005,
      0.8781250000000005,
      0.8884375000000005,
      0.9037500000000003,
      0.9106250000000007,
      0.9162500000000005,
      0.9215625000000001,
      0.9234375000000004,
      0.9250000000000005,
      0.9237500000000003,
      0.9256250000000004,
      0.9268750000000002,
      0.9271875000000002,
      0.9262500000000002,
      0.9268750000000004,
      0.9268750000000002,
      0.9275000000000002,
      0.9284375000000002,
      0.9268750000000002,
      0.9287500000000002,
      0.9293750000000003,
      0.929375,
      0.93,
      0.93,
      0.9278125000000003,
      0.9278125000000003,
      0.9281250000000003,
      0.9275000000000002,
      0.9287500000000002,
      0.9287500000000002,
      0.9303125000000003,
      0.9306250000000003,
      0.9296875000000003,
      0.9300000000000003,
      0.9306250000000004,
      0.9303125000000001,
      0.9300000000000003,
      0.9300000000000003,
      0.9318750000000005,
      0.9312500000000004,
      0.9321875000000004,
      0.9331250000000004,
      0.9321875000000006
    ],