{
  "partition": "P3",
  "dinov2": {
    "recall": {
      "1": 0.8135416666666667,
      "5": 0.934375,
      "10": 0.9635416666666666
    },
    "precision": {
      "1": 0.8135416666666667,
      "10": 0.09635416666666564,
      "30": 0.03333333333333411
    },
    "mAP": 0.86556591501421
  },
  "baseline": {
    "recall": {
      "1": 0.44895833333333335,
      "5": 0.7697916666666667,
      "10": 0.91875
    },
    "precision": {
      "1": 0.44895833333333335,
      "10": 0.09187499999999924,
      "30": 0.03329861111111189
    },
    "mAP": 0.5965069375949609
  }
}