{
  "partition": "P3",
  "trained": {
    "recall": {
      "1": 0.7229166666666667,
      "5": 0.8697916666666666,
      "10": 0.934375
    },
    "precision": {
      "1": 0.7229166666666667,
      "10": 0.09343749999999915,
      "30": 0.03333333333333411
    },
    "mAP": 0.794879206731483
  },
  "baseline": {
    "recall": {
      "1": 0.44895833333333335,
      "5": 0.7697916666666667,
      "10": 0.91875
    },
    "precision": {
      "1": 0.44895833333333335,
      "10": 0.09187499999999924,
      "30": 0.03329861111111189
    },
    "mAP": 0.5965069375949609
  }
}