{
  "train_loss": [
    0.2285258539021015,
    0.17277347296476364,
    0.12195902913808823,
    0.09946425035595893,
    0.06285610012710094,
    0.054243916645646095,
    0.02927773054689169,
    0.026533085107803344,
    0.014836152363568545,
    0.008272805996239186,
    0.007050844747573138,
    0.0072480421513319016,
    0.0061366472393274306,
    0.005939312092959881,
    0.0009181976318359375,
    0.0006724489852786064,
    0.004439558833837509,
    0.0031449923291802405,
    0.001517172623425722,
    0.0004470507614314556,
    0.0008346399292349816,
    0.0025672304444015028,
    0.0015131243504583835,
    0.0005121140740811825,
    0.0026274708099663256,
    0.0007116707973182201,
    0.0017048999667167663,
    0.0011405404657125473,
    3.001922741532326e-05,
    0.0021394114941358567,
    0.0016590983606874943,
    0.0006228161975741387,
    0.001012012641876936,
    0.0006839362904429436,
    0.0008910620585083961,
    0.0018930399790406227,
    0.0016145406290888787,
    0.0013716093264520169,
    0.003288971818983555,
    0.003184610139578581,
    0.0034788066521286966,
    0.002203646395355463,
    0.003997850697487593,
    0.001822379231452942,
    0.00378245934844017,
    0.002312976960092783,
    0.0006598154082894325,
    0.0005049585364758968,
    0.003225648682564497,
    0.0005813158117234707,
    0.00016346415504813193,
    0.00015386110171675683,
    0.00013281004503369332,
    0.0014530501328408718,
    3.368994221091271e-05,
    0.00038415491580963136,
    0.0002991542220115662,
    0.0025780782103538512,
    0.0010375124402344227
  ],
  "score": [
    5.071041666666667,
    5.209791666666666,
    5.355312500000001,
    5.477291666666668,
    5.579062500000001,
    5.648125000000001,
    5.649166666666668,
    5.6765625,
    5.651458333333334,
    5.706145833333333,
    5.721770833333332,
    5.741770833333334,
    5.733645833333334,
    5.7299999999999995,
    5.7311458333333345,
    5.736770833333335,
    5.736979166666667,
    5.7354166666666675,
    5.732187500000002,
    5.732500000000002,
    5.741145833333334,
    5.760416666666668,
    5.741145833333334,
    5.7197916666666675,
    5.725729166666667,
    5.735729166666667,
    5.730833333333334,
    5.741041666666668,
    5.738333333333334,
    5.718125,
    5.7128125,
    5.7162500000000005,
    5.7134375,
    5.7353125,
    5.7378125,
    5.719062500000001,
    5.740208333333334,
    5.7607291666666685,
    5.765937500000001,
    5.755416666666667,
    5.735208333333334,
    5.745520833333333,
    5.739583333333334,
    5.696249999999999,
    5.653541666666666,
    5.655,
    5.7072916666666655,
    5.690624999999999,
    5.703854166666666,
    5.726041666666667,
    5.733437500000001,
    5.724166666666667,
    5.726770833333333,
    5.728958333333333,
    5.724375000000001,
    5.7196875,
    5.720937500000001,
    5.703854166666667,
    5.6575
  ],
  "recall": {
    "1": [
      0.9375,
      0.940625,
      0.965625,
      0.975,
      0.984375,
      0.99375,
      0.9875,
      0.99375,
      0.996875,
      0.99375,
      1.0,
      1.0,
      1.0,
      1.0,
      1.0,
      1.0,
      1.0,
      1.0,
      1.0,
      0.996875,
      0.99375,
      1.0,
      1.0,
      1.0,
      1.0,
      1.0,
      1.0,
      1.0,
      1.0,
      1.0,
      1.0,
      1.0,
      1.0,
      0.996875,
      0.996875,
      0.996875,
      0.996875,
      0.996875,
      1.0,
      1.0,
      1.0,
      1.0,
      1.0,
      1.0,
      1.0,
      0.996875,
      1.0,
      0.996875,
      1.0,
      1.0,
      1.0,
      1.0,
      1.0,
      1.0,
      1.0,
      1.0,
      1.0,
      1.0,
      1.0
    ],
    "5": [
      0.971875,
      0.971875,
      0.978125,
      0.9875,
      0.99375,
      0.996875,
      0.99375,
      0.99375,
      1.0,
      0.996875,
      1.0,
      1.0,
      1.0,
      1.0,
      1.0,
      1.0,
      1.0,
      1.0,
      1.0,
      1.0,
      1.0,
      1.0,
      1.0,
      1.0,
      1.0,
      1.0,
      1.0,
      1.0,
      1.0,
      1.0,
      1.0,
      1.0,
      1.0,
      1.0,
      1.0,
      1.0,
      1.0,
      1.0,
      1.0,
      1.0,
      1.0,
      1.0,
      1.0,
      1.0,
      1.0,
      1.0,
      1.0,
      1.0,
      1.0,
      1.0,
      1.0,
      1.0,
      1.0,
      1.0,
      1.0,
      1.0,
      1.0,
      1.0,
      1.0
    ],
    "10": [
      0.978125,
      0.98125,
      0.9875,
      0.9875,
      0.99375,
      0.996875,
      0.99375,
      0.99375,
      1.0,
      0.996875,
      1.0,
      1.0,
      1.0,
      1.0,
      1.0,
      1.0,
      1.0,
      1.0,
      1.0,
      1.0,
      1.0,
      1.0,
      1.0,
      1.0,
      1.0,
      1.0,
      1.0,
      1.0,
      1.0,
      1.0,
      1.0,
      1.0,
      1.0,
      1.0,
      1.0,
      1.0,
      1.0,
      1.0,
      1.0,
      1.0,
      1.0,
      1.0,
      1.0,
      1.0,
      1.0,
      1.0,
      1.0,
      1.0,
      1.0,
      1.0,
      1.0,
      1.0,
      1.0,
      1.0,
      1.0,
      1.0,
      1.0,
      1.0,
      1.0
    ]
  },
  "precision": {
    "1": [
      0.9375,
      0.940625,
      0.965625,
      0.975,
      0.984375,
      0.99375,
      0.9875,
      0.99375,
      0.996875,
      0.99375,
      1.0,
      1.0,
      1.0,
      1.0,
      1.0,
      1.0,
      1.0,
      1.0,
      1.0,
      0.996875,
      0.99375,
      1.0,
      1.0,
      1.0,
      1.0,
      1.0,
      1.0,
      1.0,
      1.0,
      1.0,
      1.0,
      1.0,
      1.0,
      0.996875,
      0.996875,
      0.996875,
      0.996875,
      0.996875,
      1.0,
      1.0,
      1.0,
      1.0,
      1.0,
      1.0,
      1.0,
      0.996875,
      1.0,
      0.996875,
      1.0,
      1.0,
      1.0,
      1.0,
      1.0,
      1.0,
      1.0,
      1.0,
      1.0,
      1.0,
      1.0
    ],
    "10": [
      0.7543750000000009,
      0.8196875000000008,
      0.8581250000000002,
      0.9075000000000003,
      0.9418750000000002,
      0.9549999999999998,
      0.9615625000000001,
      0.9740624999999999,
      0.9578125,
      0.97875,
      0.9768749999999999,
      0.9853124999999998,
      0.9762499999999996,
      0.9759374999999995,
      0.9840625,
      0.9871874999999999,
      0.9865625000000001,
      0.9868750000000004,
      0.9850000000000003,
      0.9831250000000002,
      0.9881250000000001,
      0.9878125000000004,
      0.9840624999999997,
      0.9793749999999999,
      0.9803124999999999,
      0.9853125000000003,
      0.98375,
      0.9840625000000003,
      0.9862500000000003,
      0.9853124999999998,
      0.9809375000000001,
      0.9803124999999999,
      0.9796875,
      0.9846874999999995,
      0.984375,
      0.9809375000000001,
      0.984375,
      0.9909375,
      0.9849999999999998,
      0.9799999999999998,
      0.9824999999999999,
      0.9906249999999999,
      0.9831250000000002,
      0.9737499999999997,
      0.9659374999999997,
      0.9709374999999998,
      0.9759374999999997,
      0.9718749999999996,
      0.9743749999999999,
      0.9803124999999998,
      0.9818749999999998,
      0.9784374999999995,
      0.9784374999999995,
      0.9799999999999998,
      0.9718749999999996,
      0.9696874999999994,
      0.9724999999999995,
      0.9687499999999988,
      0.9537499999999991
    ],